STRUCTURE,STRUCTURE_ID,ACTION,FREQ,REF_AREA,SEX,INDICATOR,TIME_PERIOD,OBS_VALUE,UNIT_MEASURE,UNIT_MULT,EST_QUALITY,REF_PERIOD_START,REF_PERIOD_END,TIME_PERIOD_LABEL,SOURCE
dataflow,INE.GOB.CL:DF_ENE_IND_PRINCIPALES(1.0),I,M,CL-RM,T,EMP,2025-05,4158.3296264485225,PS,3,F,2025-03-01,2025-05-31,Marzo–Mayo 2025,https://www.ine.gob.cl/docs/default-source/ocupacion-y-desocupacion/cuadros-estadisticos/series-vigentes/indicadores_principales.xlsx
dataflow,INE.GOB.CL:DF_ENE_IND_PRINCIPALES(1.0),I,M,CL-RM,T,EMP,2025-06,4167.2987405990252,PS,3,F,2025-04-01,2025-06-30,Abril–Junio 2025,https://www.ine.gob.cl/docs/default-source/ocupacion-y-desocupacion/cuadros-estadisticos/series-vigentes/indicadores_principales.xlsx
dataflow,INE.GOB.CL:DF_ENE_IND_PRINCIPALES(1.0),I,M,CL-RM,T,EMP,2025-07,4156.8091242102055,PS,3,F,2025-05-01,2025-07-31,Mayo–Julio 2025,https://www.ine.gob.cl/docs/default-source/ocupacion-y-desocupacion/cuadros-estadisticos/series-vigentes/indicadores_principales.xlsx
dataflow,INE.GOB.CL:DF_ENE_IND_PRINCIPALES(1.0),I,M,CL-RM,T,EMP,2025-08,4169.8578733547838,PS,3,F,2025-06-01,2025-08-31,Junio–Agosto 2025,https://www.ine.gob.cl/docs/default-source/ocupacion-y-desocupacion/cuadros-estadisticos/series-vigentes/indicadores_principales.xlsx
dataflow,INE.GOB.CL:DF_ENE_IND_PRINCIPALES(1.0),I,M,CL-RM,T,EMP,2025-09,4168.592709539289,PS,3,F,2025-07-01,2025-09-30,Julio–Septiembre 2025,https://www.ine.gob.cl/docs/default-source/ocupacion-y-desocupacion/cuadros-estadisticos/series-vigentes/indicadores_principales.xlsx
dataflow,INE.GOB.CL:DF_ENE_IND_PRINCIPALES(1.0),I,M,CL-RM,T,EMP,2025-10,4187.2557175980501,PS,3,F,2025-08-01,2025-10-31,Agosto–Octubre 2025,https://www.ine.gob.cl/docs/default-source/ocupacion-y-desocupacion/cuadros-estadisticos/series-vigentes/indicadores_principales.xlsx
dataflow,INE.GOB.CL:DF_ENE_IND_PRINCIPALES(1.0),I,M,CL-RM,T,EMP,2025-11,4161.2974584465328,PS,3,F,2025-09-01,2025-11-30,Septiembre–Noviembre 2025,https://www.ine.gob.cl/docs/default-source/ocupacion-y-desocupacion/cuadros-estadisticos/series-vigentes/indicadores_principales.xlsx
dataflow,INE.GOB.CL:DF_ENE_IND_PRINCIPALES(1.0),I,M,CL-RM,T,EMP,2025-12,4166.7592960393567,PS,3,F,2025-10-01,2025-12-31,Octubre–Diciembre 2025,https://www.ine.gob.cl/docs/default-source/ocupacion-y-desocupacion/cuadros-estadisticos/series-vigentes/indicadores_principales.xlsx
dataflow,INE.GOB.CL:DF_ENE_IND_PRINCIPALES(1.0),I,M,CL-RM,T,EMP,2026-01,4163.2213919123924,PS,3,F,2025-11-01,2026-01-31,Noviembre–Enero 2026,https://www.ine.gob.cl/docs/default-source/ocupacion-y-desocupacion/cuadros-estadisticos/series-vigentes/indicadores_principales.xlsx
dataflow,INE.GOB.CL:DF_ENE_IND_PRINCIPALES(1.0),I,M,CL-RM,T,EMP,2026-02,4153.4580933191392,PS,3,F,2025-12-01,2026-02-28,Diciembre–Febrero 2026,https://www.ine.gob.cl/docs/default-source/ocupacion-y-desocupacion/cuadros-estadisticos/series-vigentes/indicadores_principales.xlsx
dataflow,INE.GOB.CL:DF_ENE_IND_PRINCIPALES(1.0),I,M,CL-RM,T,EMP,2026-03,4138.4987465685444,PS,3,F,2026-01-01,2026-03-31,Enero–Marzo 2026,https://www.ine.gob.cl/docs/default-source/ocupacion-y-desocupacion/cuadros-estadisticos/series-vigentes/indicadores_principales.xlsx
dataflow,INE.GOB.CL:DF_ENE_IND_PRINCIPALES(1.0),I,M,CL-RM,T,EMP,2026-04,4163.0912293683368,PS,3,F,2026-02-01,2026-04-30,Febrero–Abril 2026,https://www.ine.gob.cl/docs/default-source/ocupacion-y-desocupacion/cuadros-estadisticos/series-vigentes/indicadores_principales.xlsx
dataflow,INE.GOB.CL:DF_ENE_IND_PRINCIPALES(1.0),I,M,CL-RM,T,EMP,2026-05,4192.763879598189,PS,3,F,2026-03-01,2026-05-31,Marzo–Mayo 2026,https://www.ine.gob.cl/docs/default-source/ocupacion-y-desocupacion/cuadros-estadisticos/series-vigentes/indicadores_principales.xlsx
dataflow,INE.GOB.CL:DF_ENE_IND_PRINCIPALES(1.0),I,M,CL-RM,T,EMP_RT,2025-05,59.943083471817914,PT,0,F,2025-03-01,2025-05-31,Marzo–Mayo 2025,https://www.ine.gob.cl/docs/default-source/ocupacion-y-desocupacion/cuadros-estadisticos/series-vigentes/indicadores_principales.xlsx
dataflow,INE.GOB.CL:DF_ENE_IND_PRINCIPALES(1.0),I,M,CL-RM,T,EMP_RT,2025-06,60.033276544691191,PT,0,F,2025-04-01,2025-06-30,Abril–Junio 2025,https://www.ine.gob.cl/docs/default-source/ocupacion-y-desocupacion/cuadros-estadisticos/series-vigentes/indicadores_principales.xlsx
dataflow,INE.GOB.CL:DF_ENE_IND_PRINCIPALES(1.0),I,M,CL-RM,T,EMP_RT,2025-07,59.841820372003816,PT,0,F,2025-05-01,2025-07-31,Mayo–Julio 2025,https://www.ine.gob.cl/docs/default-source/ocupacion-y-desocupacion/cuadros-estadisticos/series-vigentes/indicadores_principales.xlsx
dataflow,INE.GOB.CL:DF_ENE_IND_PRINCIPALES(1.0),I,M,CL-RM,T,EMP_RT,2025-08,59.99104956774449,PT,0,F,2025-06-01,2025-08-31,Junio–Agosto 2025,https://www.ine.gob.cl/docs/default-source/ocupacion-y-desocupacion/cuadros-estadisticos/series-vigentes/indicadores_principales.xlsx
dataflow,INE.GOB.CL:DF_ENE_IND_PRINCIPALES(1.0),I,M,CL-RM,T,EMP_RT,2025-09,59.934873363014077,PT,0,F,2025-07-01,2025-09-30,Julio–Septiembre 2025,https://www.ine.gob.cl/docs/default-source/ocupacion-y-desocupacion/cuadros-estadisticos/series-vigentes/indicadores_principales.xlsx
dataflow,INE.GOB.CL:DF_ENE_IND_PRINCIPALES(1.0),I,M,CL-RM,T,EMP_RT,2025-10,60.164935792517213,PT,0,F,2025-08-01,2025-10-31,Agosto–Octubre 2025,https://www.ine.gob.cl/docs/default-source/ocupacion-y-desocupacion/cuadros-estadisticos/series-vigentes/indicadores_principales.xlsx
dataflow,INE.GOB.CL:DF_ENE_IND_PRINCIPALES(1.0),I,M,CL-RM,T,EMP_RT,2025-11,59.754380647204286,PT,0,F,2025-09-01,2025-11-30,Septiembre–Noviembre 2025,https://www.ine.gob.cl/docs/default-source/ocupacion-y-desocupacion/cuadros-estadisticos/series-vigentes/indicadores_principales.xlsx
dataflow,INE.GOB.CL:DF_ENE_IND_PRINCIPALES(1.0),I,M,CL-RM,T,EMP_RT,2025-12,59.795184940090238,PT,0,F,2025-10-01,2025-12-31,Octubre–Diciembre 2025,https://www.ine.gob.cl/docs/default-source/ocupacion-y-desocupacion/cuadros-estadisticos/series-vigentes/indicadores_principales.xlsx
dataflow,INE.GOB.CL:DF_ENE_IND_PRINCIPALES(1.0),I,M,CL-RM,T,EMP_RT,2026-01,59.706585515811959,PT,0,F,2025-11-01,2026-01-31,Noviembre–Enero 2026,https://www.ine.gob.cl/docs/default-source/ocupacion-y-desocupacion/cuadros-estadisticos/series-vigentes/indicadores_principales.xlsx
dataflow,INE.GOB.CL:DF_ENE_IND_PRINCIPALES(1.0),I,M,CL-RM,T,EMP_RT,2026-02,59.529129556229968,PT,0,F,2025-12-01,2026-02-28,Diciembre–Febrero 2026,https://www.ine.gob.cl/docs/default-source/ocupacion-y-desocupacion/cuadros-estadisticos/series-vigentes/indicadores_principales.xlsx
dataflow,INE.GOB.CL:DF_ENE_IND_PRINCIPALES(1.0),I,M,CL-RM,T,EMP_RT,2026-03,59.276885467720255,PT,0,F,2026-01-01,2026-03-31,Enero–Marzo 2026,https://www.ine.gob.cl/docs/default-source/ocupacion-y-desocupacion/cuadros-estadisticos/series-vigentes/indicadores_principales.xlsx
dataflow,INE.GOB.CL:DF_ENE_IND_PRINCIPALES(1.0),I,M,CL-RM,T,EMP_RT,2026-04,59.591804787198889,PT,0,F,2026-02-01,2026-04-30,Febrero–Abril 2026,https://www.ine.gob.cl/docs/default-source/ocupacion-y-desocupacion/cuadros-estadisticos/series-vigentes/indicadores_principales.xlsx
dataflow,INE.GOB.CL:DF_ENE_IND_PRINCIPALES(1.0),I,M,CL-RM,T,EMP_RT,2026-05,59.97887502588463,PT,0,F,2026-03-01,2026-05-31,Marzo–Mayo 2026,https://www.ine.gob.cl/docs/default-source/ocupacion-y-desocupacion/cuadros-estadisticos/series-vigentes/indicadores_principales.xlsx
dataflow,INE.GOB.CL:DF_ENE_IND_PRINCIPALES(1.0),I,M,CL-RM,T,LF,2025-05,4593.8682492384296,PS,3,F,2025-03-01,2025-05-31,Marzo–Mayo 2025,https://www.ine.gob.cl/docs/default-source/ocupacion-y-desocupacion/cuadros-estadisticos/series-vigentes/indicadores_principales.xlsx
dataflow,INE.GOB.CL:DF_ENE_IND_PRINCIPALES(1.0),I,M,CL-RM,T,LF,2025-06,4606.5418845094828,PS,3,F,2025-04-01,2025-06-30,Abril–Junio 2025,https://www.ine.gob.cl/docs/default-source/ocupacion-y-desocupacion/cuadros-estadisticos/series-vigentes/indicadores_principales.xlsx
dataflow,INE.GOB.CL:DF_ENE_IND_PRINCIPALES(1.0),I,M,CL-RM,T,LF,2025-07,4580.0308756458708,PS,3,F,2025-05-01,2025-07-31,Mayo–Julio 2025,https://www.ine.gob.cl/docs/default-source/ocupacion-y-desocupacion/cuadros-estadisticos/series-vigentes/indicadores_principales.xlsx
dataflow,INE.GOB.CL:DF_ENE_IND_PRINCIPALES(1.0),I,M,CL-RM,T,LF,2025-08,4579.5270808552059,PS,3,F,2025-06-01,2025-08-31,Junio–Agosto 2025,https://www.ine.gob.cl/docs/default-source/ocupacion-y-desocupacion/cuadros-estadisticos/series-vigentes/indicadores_principales.xlsx
dataflow,INE.GOB.CL:DF_ENE_IND_PRINCIPALES(1.0),I,M,CL-RM,T,LF,2025-09,4570.3266240396497,PS,3,F,2025-07-01,2025-09-30,Julio–Septiembre 2025,https://www.ine.gob.cl/docs/default-source/ocupacion-y-desocupacion/cuadros-estadisticos/series-vigentes/indicadores_principales.xlsx
dataflow,INE.GOB.CL:DF_ENE_IND_PRINCIPALES(1.0),I,M,CL-RM,T,LF,2025-10,4581.2346047441279,PS,3,F,2025-08-01,2025-10-31,Agosto–Octubre 2025,https://www.ine.gob.cl/docs/default-source/ocupacion-y-desocupacion/cuadros-estadisticos/series-vigentes/indicadores_principales.xlsx
dataflow,INE.GOB.CL:DF_ENE_IND_PRINCIPALES(1.0),I,M,CL-RM,T,LF,2025-11,4567.6236835657128,PS,3,F,2025-09-01,2025-11-30,Septiembre–Noviembre 2025,https://www.ine.gob.cl/docs/default-source/ocupacion-y-desocupacion/cuadros-estadisticos/series-vigentes/indicadores_principales.xlsx
dataflow,INE.GOB.CL:DF_ENE_IND_PRINCIPALES(1.0),I,M,CL-RM,T,LF,2025-12,4557.3421261201511,PS,3,F,2025-10-01,2025-12-31,Octubre–Diciembre 2025,https://www.ine.gob.cl/docs/default-source/ocupacion-y-desocupacion/cuadros-estadisticos/series-vigentes/indicadores_principales.xlsx
dataflow,INE.GOB.CL:DF_ENE_IND_PRINCIPALES(1.0),I,M,CL-RM,T,LF,2026-01,4573.2758036938321,PS,3,F,2025-11-01,2026-01-31,Noviembre–Enero 2026,https://www.ine.gob.cl/docs/default-source/ocupacion-y-desocupacion/cuadros-estadisticos/series-vigentes/indicadores_principales.xlsx
dataflow,INE.GOB.CL:DF_ENE_IND_PRINCIPALES(1.0),I,M,CL-RM,T,LF,2026-02,4556.0865333517759,PS,3,F,2025-12-01,2026-02-28,Diciembre–Febrero 2026,https://www.ine.gob.cl/docs/default-source/ocupacion-y-desocupacion/cuadros-estadisticos/series-vigentes/indicadores_principales.xlsx
dataflow,INE.GOB.CL:DF_ENE_IND_PRINCIPALES(1.0),I,M,CL-RM,T,LF,2026-03,4576.3698222778421,PS,3,F,2026-01-01,2026-03-31,Enero–Marzo 2026,https://www.ine.gob.cl/docs/default-source/ocupacion-y-desocupacion/cuadros-estadisticos/series-vigentes/indicadores_principales.xlsx
dataflow,INE.GOB.CL:DF_ENE_IND_PRINCIPALES(1.0),I,M,CL-RM,T,LF,2026-04,4607.9469327757743,PS,3,F,2026-02-01,2026-04-30,Febrero–Abril 2026,https://www.ine.gob.cl/docs/default-source/ocupacion-y-desocupacion/cuadros-estadisticos/series-vigentes/indicadores_principales.xlsx
dataflow,INE.GOB.CL:DF_ENE_IND_PRINCIPALES(1.0),I,M,CL-RM,T,LF,2026-05,4645.736757773621,PS,3,F,2026-03-01,2026-05-31,Marzo–Mayo 2026,https://www.ine.gob.cl/docs/default-source/ocupacion-y-desocupacion/cuadros-estadisticos/series-vigentes/indicadores_principales.xlsx
dataflow,INE.GOB.CL:DF_ENE_IND_PRINCIPALES(1.0),I,M,CL-RM,T,LF_PART_RT,2025-05,66.221452520544204,PT,0,F,2025-03-01,2025-05-31,Marzo–Mayo 2025,https://www.ine.gob.cl/docs/default-source/ocupacion-y-desocupacion/cuadros-estadisticos/series-vigentes/indicadores_principales.xlsx
dataflow,INE.GOB.CL:DF_ENE_IND_PRINCIPALES(1.0),I,M,CL-RM,T,LF_PART_RT,2025-06,66.360925885459508,PT,0,F,2025-04-01,2025-06-30,Abril–Junio 2025,https://www.ine.gob.cl/docs/default-source/ocupacion-y-desocupacion/cuadros-estadisticos/series-vigentes/indicadores_principales.xlsx
dataflow,INE.GOB.CL:DF_ENE_IND_PRINCIPALES(1.0),I,M,CL-RM,T,LF_PART_RT,2025-07,65.934561046438773,PT,0,F,2025-05-01,2025-07-31,Mayo–Julio 2025,https://www.ine.gob.cl/docs/default-source/ocupacion-y-desocupacion/cuadros-estadisticos/series-vigentes/indicadores_principales.xlsx
dataflow,INE.GOB.CL:DF_ENE_IND_PRINCIPALES(1.0),I,M,CL-RM,T,LF_PART_RT,2025-08,65.884892111054924,PT,0,F,2025-06-01,2025-08-31,Junio–Agosto 2025,https://www.ine.gob.cl/docs/default-source/ocupacion-y-desocupacion/cuadros-estadisticos/series-vigentes/indicadores_principales.xlsx
dataflow,INE.GOB.CL:DF_ENE_IND_PRINCIPALES(1.0),I,M,CL-RM,T,LF_PART_RT,2025-09,65.71089250638299,PT,0,F,2025-07-01,2025-09-30,Julio–Septiembre 2025,https://www.ine.gob.cl/docs/default-source/ocupacion-y-desocupacion/cuadros-estadisticos/series-vigentes/indicadores_principales.xlsx
dataflow,INE.GOB.CL:DF_ENE_IND_PRINCIPALES(1.0),I,M,CL-RM,T,LF_PART_RT,2025-10,65.825854553492334,PT,0,F,2025-08-01,2025-10-31,Agosto–Octubre 2025,https://www.ine.gob.cl/docs/default-source/ocupacion-y-desocupacion/cuadros-estadisticos/series-vigentes/indicadores_principales.xlsx
dataflow,INE.GOB.CL:DF_ENE_IND_PRINCIPALES(1.0),I,M,CL-RM,T,LF_PART_RT,2025-11,65.589044514703204,PT,0,F,2025-09-01,2025-11-30,Septiembre–Noviembre 2025,https://www.ine.gob.cl/docs/default-source/ocupacion-y-desocupacion/cuadros-estadisticos/series-vigentes/indicadores_principales.xlsx
dataflow,INE.GOB.CL:DF_ENE_IND_PRINCIPALES(1.0),I,M,CL-RM,T,LF_PART_RT,2025-12,65.40025374771362,PT,0,F,2025-10-01,2025-12-31,Octubre–Diciembre 2025,https://www.ine.gob.cl/docs/default-source/ocupacion-y-desocupacion/cuadros-estadisticos/series-vigentes/indicadores_principales.xlsx
dataflow,INE.GOB.CL:DF_ENE_IND_PRINCIPALES(1.0),I,M,CL-RM,T,LF_PART_RT,2026-01,65.587355837257249,PT,0,F,2025-11-01,2026-01-31,Noviembre–Enero 2026,https://www.ine.gob.cl/docs/default-source/ocupacion-y-desocupacion/cuadros-estadisticos/series-vigentes/indicadores_principales.xlsx
dataflow,INE.GOB.CL:DF_ENE_IND_PRINCIPALES(1.0),I,M,CL-RM,T,LF_PART_RT,2026-02,65.29977176116239,PT,0,F,2025-12-01,2026-02-28,Diciembre–Febrero 2026,https://www.ine.gob.cl/docs/default-source/ocupacion-y-desocupacion/cuadros-estadisticos/series-vigentes/indicadores_principales.xlsx
dataflow,INE.GOB.CL:DF_ENE_IND_PRINCIPALES(1.0),I,M,CL-RM,T,LF_PART_RT,2026-03,65.548636456159898,PT,0,F,2026-01-01,2026-03-31,Enero–Marzo 2026,https://www.ine.gob.cl/docs/default-source/ocupacion-y-desocupacion/cuadros-estadisticos/series-vigentes/indicadores_principales.xlsx
dataflow,INE.GOB.CL:DF_ENE_IND_PRINCIPALES(1.0),I,M,CL-RM,T,LF_PART_RT,2026-04,65.95961004904764,PT,0,F,2026-02-01,2026-04-30,Febrero–Abril 2026,https://www.ine.gob.cl/docs/default-source/ocupacion-y-desocupacion/cuadros-estadisticos/series-vigentes/indicadores_principales.xlsx
dataflow,INE.GOB.CL:DF_ENE_IND_PRINCIPALES(1.0),I,M,CL-RM,T,LF_PART_RT,2026-05,66.45880197392998,PT,0,F,2026-03-01,2026-05-31,Marzo–Mayo 2026,https://www.ine.gob.cl/docs/default-source/ocupacion-y-desocupacion/cuadros-estadisticos/series-vigentes/indicadores_principales.xlsx
dataflow,INE.GOB.CL:DF_ENE_IND_PRINCIPALES(1.0),I,M,CL-RM,T,OLF,2025-05,2343.261750761571,PS,3,F,2025-03-01,2025-05-31,Marzo–Mayo 2025,https://www.ine.gob.cl/docs/default-source/ocupacion-y-desocupacion/cuadros-estadisticos/series-vigentes/indicadores_principales.xlsx
dataflow,INE.GOB.CL:DF_ENE_IND_PRINCIPALES(1.0),I,M,CL-RM,T,OLF,2025-06,2335.1061154905174,PS,3,F,2025-04-01,2025-06-30,Abril–Junio 2025,https://www.ine.gob.cl/docs/default-source/ocupacion-y-desocupacion/cuadros-estadisticos/series-vigentes/indicadores_principales.xlsx
dataflow,INE.GOB.CL:DF_ENE_IND_PRINCIPALES(1.0),I,M,CL-RM,T,OLF,2025-07,2366.2971243541306,PS,3,F,2025-05-01,2025-07-31,Mayo–Julio 2025,https://www.ine.gob.cl/docs/default-source/ocupacion-y-desocupacion/cuadros-estadisticos/series-vigentes/indicadores_principales.xlsx
dataflow,INE.GOB.CL:DF_ENE_IND_PRINCIPALES(1.0),I,M,CL-RM,T,OLF,2025-08,2371.2729191447943,PS,3,F,2025-06-01,2025-08-31,Junio–Agosto 2025,https://www.ine.gob.cl/docs/default-source/ocupacion-y-desocupacion/cuadros-estadisticos/series-vigentes/indicadores_principales.xlsx
dataflow,INE.GOB.CL:DF_ENE_IND_PRINCIPALES(1.0),I,M,CL-RM,T,OLF,2025-09,2384.87737596035,PS,3,F,2025-07-01,2025-09-30,Julio–Septiembre 2025,https://www.ine.gob.cl/docs/default-source/ocupacion-y-desocupacion/cuadros-estadisticos/series-vigentes/indicadores_principales.xlsx
dataflow,INE.GOB.CL:DF_ENE_IND_PRINCIPALES(1.0),I,M,CL-RM,T,OLF,2025-10,2378.3933952558714,PS,3,F,2025-08-01,2025-10-31,Agosto–Octubre 2025,https://www.ine.gob.cl/docs/default-source/ocupacion-y-desocupacion/cuadros-estadisticos/series-vigentes/indicadores_principales.xlsx
dataflow,INE.GOB.CL:DF_ENE_IND_PRINCIPALES(1.0),I,M,CL-RM,T,OLF,2025-11,2396.3803164342885,PS,3,F,2025-09-01,2025-11-30,Septiembre–Noviembre 2025,https://www.ine.gob.cl/docs/default-source/ocupacion-y-desocupacion/cuadros-estadisticos/series-vigentes/indicadores_principales.xlsx
dataflow,INE.GOB.CL:DF_ENE_IND_PRINCIPALES(1.0),I,M,CL-RM,T,OLF,2025-12,2411.0438738798484,PS,3,F,2025-10-01,2025-12-31,Octubre–Diciembre 2025,https://www.ine.gob.cl/docs/default-source/ocupacion-y-desocupacion/cuadros-estadisticos/series-vigentes/indicadores_principales.xlsx
dataflow,INE.GOB.CL:DF_ENE_IND_PRINCIPALES(1.0),I,M,CL-RM,T,OLF,2026-01,2399.5251963061692,PS,3,F,2025-11-01,2026-01-31,Noviembre–Enero 2026,https://www.ine.gob.cl/docs/default-source/ocupacion-y-desocupacion/cuadros-estadisticos/series-vigentes/indicadores_principales.xlsx
dataflow,INE.GOB.CL:DF_ENE_IND_PRINCIPALES(1.0),I,M,CL-RM,T,OLF,2026-02,2421.0994666482238,PS,3,F,2025-12-01,2026-02-28,Diciembre–Febrero 2026,https://www.ine.gob.cl/docs/default-source/ocupacion-y-desocupacion/cuadros-estadisticos/series-vigentes/indicadores_principales.xlsx
dataflow,INE.GOB.CL:DF_ENE_IND_PRINCIPALES(1.0),I,M,CL-RM,T,OLF,2026-03,2405.2701777221582,PS,3,F,2026-01-01,2026-03-31,Enero–Marzo 2026,https://www.ine.gob.cl/docs/default-source/ocupacion-y-desocupacion/cuadros-estadisticos/series-vigentes/indicadores_principales.xlsx
dataflow,INE.GOB.CL:DF_ENE_IND_PRINCIPALES(1.0),I,M,CL-RM,T,OLF,2026-04,2378.0660672242261,PS,3,F,2026-02-01,2026-04-30,Febrero–Abril 2026,https://www.ine.gob.cl/docs/default-source/ocupacion-y-desocupacion/cuadros-estadisticos/series-vigentes/indicadores_principales.xlsx
dataflow,INE.GOB.CL:DF_ENE_IND_PRINCIPALES(1.0),I,M,CL-RM,T,OLF,2026-05,2344.6642422263794,PS,3,F,2026-03-01,2026-05-31,Marzo–Mayo 2026,https://www.ine.gob.cl/docs/default-source/ocupacion-y-desocupacion/cuadros-estadisticos/series-vigentes/indicadores_principales.xlsx
dataflow,INE.GOB.CL:DF_ENE_IND_PRINCIPALES(1.0),I,M,CL-RM,T,OLF_INIT,2025-05,15.467914864931673,PS,3,B,2025-03-01,2025-05-31,Marzo–Mayo 2025,https://www.ine.gob.cl/docs/default-source/ocupacion-y-desocupacion/cuadros-estadisticos/series-vigentes/indicadores_principales.xlsx
dataflow,INE.GOB.CL:DF_ENE_IND_PRINCIPALES(1.0),I,M,CL-RM,T,OLF_INIT,2025-06,14.308292178413501,PS,3,B,2025-04-01,2025-06-30,Abril–Junio 2025,https://www.ine.gob.cl/docs/default-source/ocupacion-y-desocupacion/cuadros-estadisticos/series-vigentes/indicadores_principales.xlsx
dataflow,INE.GOB.CL:DF_ENE_IND_PRINCIPALES(1.0),I,M,CL-RM,T,OLF_INIT,2025-07,16.268538073960656,PS,3,B,2025-05-01,2025-07-31,Mayo–Julio 2025,https://www.ine.gob.cl/docs/default-source/ocupacion-y-desocupacion/cuadros-estadisticos/series-vigentes/indicadores_principales.xlsx
dataflow,INE.GOB.CL:DF_ENE_IND_PRINCIPALES(1.0),I,M,CL-RM,T,OLF_INIT,2025-08,18.768590290524912,PS,3,B,2025-06-01,2025-08-31,Junio–Agosto 2025,https://www.ine.gob.cl/docs/default-source/ocupacion-y-desocupacion/cuadros-estadisticos/series-vigentes/indicadores_principales.xlsx
dataflow,INE.GOB.CL:DF_ENE_IND_PRINCIPALES(1.0),I,M,CL-RM,T,OLF_INIT,2025-09,21.581532963222841,PS,3,B,2025-07-01,2025-09-30,Julio–Septiembre 2025,https://www.ine.gob.cl/docs/default-source/ocupacion-y-desocupacion/cuadros-estadisticos/series-vigentes/indicadores_principales.xlsx
dataflow,INE.GOB.CL:DF_ENE_IND_PRINCIPALES(1.0),I,M,CL-RM,T,OLF_INIT,2025-10,20.873663885183301,PS,3,B,2025-08-01,2025-10-31,Agosto–Octubre 2025,https://www.ine.gob.cl/docs/default-source/ocupacion-y-desocupacion/cuadros-estadisticos/series-vigentes/indicadores_principales.xlsx
dataflow,INE.GOB.CL:DF_ENE_IND_PRINCIPALES(1.0),I,M,CL-RM,T,OLF_INIT,2025-11,16.916841512325611,PS,3,B,2025-09-01,2025-11-30,Septiembre–Noviembre 2025,https://www.ine.gob.cl/docs/default-source/ocupacion-y-desocupacion/cuadros-estadisticos/series-vigentes/indicadores_principales.xlsx
dataflow,INE.GOB.CL:DF_ENE_IND_PRINCIPALES(1.0),I,M,CL-RM,T,OLF_INIT,2025-12,16.365666851691266,PS,3,B,2025-10-01,2025-12-31,Octubre–Diciembre 2025,https://www.ine.gob.cl/docs/default-source/ocupacion-y-desocupacion/cuadros-estadisticos/series-vigentes/indicadores_principales.xlsx
dataflow,INE.GOB.CL:DF_ENE_IND_PRINCIPALES(1.0),I,M,CL-RM,T,OLF_INIT,2026-01,15.538539925482091,PS,3,B,2025-11-01,2026-01-31,Noviembre–Enero 2026,https://www.ine.gob.cl/docs/default-source/ocupacion-y-desocupacion/cuadros-estadisticos/series-vigentes/indicadores_principales.xlsx
dataflow,INE.GOB.CL:DF_ENE_IND_PRINCIPALES(1.0),I,M,CL-RM,T,OLF_INIT,2026-02,25.64550944209244,PS,3,B,2025-12-01,2026-02-28,Diciembre–Febrero 2026,https://www.ine.gob.cl/docs/default-source/ocupacion-y-desocupacion/cuadros-estadisticos/series-vigentes/indicadores_principales.xlsx
dataflow,INE.GOB.CL:DF_ENE_IND_PRINCIPALES(1.0),I,M,CL-RM,T,OLF_INIT,2026-03,26.730867367849271,PS,3,F,2026-01-01,2026-03-31,Enero–Marzo 2026,https://www.ine.gob.cl/docs/default-source/ocupacion-y-desocupacion/cuadros-estadisticos/series-vigentes/indicadores_principales.xlsx
dataflow,INE.GOB.CL:DF_ENE_IND_PRINCIPALES(1.0),I,M,CL-RM,T,OLF_INIT,2026-04,23.55321672777638,PS,3,B,2026-02-01,2026-04-30,Febrero–Abril 2026,https://www.ine.gob.cl/docs/default-source/ocupacion-y-desocupacion/cuadros-estadisticos/series-vigentes/indicadores_principales.xlsx
dataflow,INE.GOB.CL:DF_ENE_IND_PRINCIPALES(1.0),I,M,CL-RM,T,OLF_INIT,2026-05,12.704683356813153,PS,3,B,2026-03-01,2026-05-31,Marzo–Mayo 2026,https://www.ine.gob.cl/docs/default-source/ocupacion-y-desocupacion/cuadros-estadisticos/series-vigentes/indicadores_principales.xlsx
dataflow,INE.GOB.CL:DF_ENE_IND_PRINCIPALES(1.0),I,M,CL-RM,T,OLF_POT,2025-05,260.54652708142834,PS,3,F,2025-03-01,2025-05-31,Marzo–Mayo 2025,https://www.ine.gob.cl/docs/default-source/ocupacion-y-desocupacion/cuadros-estadisticos/series-vigentes/indicadores_principales.xlsx
dataflow,INE.GOB.CL:DF_ENE_IND_PRINCIPALES(1.0),I,M,CL-RM,T,OLF_POT,2025-06,249.80593328873024,PS,3,F,2025-04-01,2025-06-30,Abril–Junio 2025,https://www.ine.gob.cl/docs/default-source/ocupacion-y-desocupacion/cuadros-estadisticos/series-vigentes/indicadores_principales.xlsx
dataflow,INE.GOB.CL:DF_ENE_IND_PRINCIPALES(1.0),I,M,CL-RM,T,OLF_POT,2025-07,250.64274565070463,PS,3,F,2025-05-01,2025-07-31,Mayo–Julio 2025,https://www.ine.gob.cl/docs/default-source/ocupacion-y-desocupacion/cuadros-estadisticos/series-vigentes/indicadores_principales.xlsx
dataflow,INE.GOB.CL:DF_ENE_IND_PRINCIPALES(1.0),I,M,CL-RM,T,OLF_POT,2025-08,242.60887753893203,PS,3,F,2025-06-01,2025-08-31,Junio–Agosto 2025,https://www.ine.gob.cl/docs/default-source/ocupacion-y-desocupacion/cuadros-estadisticos/series-vigentes/indicadores_principales.xlsx
dataflow,INE.GOB.CL:DF_ENE_IND_PRINCIPALES(1.0),I,M,CL-RM,T,OLF_POT,2025-09,253.24262596721039,PS,3,F,2025-07-01,2025-09-30,Julio–Septiembre 2025,https://www.ine.gob.cl/docs/default-source/ocupacion-y-desocupacion/cuadros-estadisticos/series-vigentes/indicadores_principales.xlsx
dataflow,INE.GOB.CL:DF_ENE_IND_PRINCIPALES(1.0),I,M,CL-RM,T,OLF_POT,2025-10,250.74384285911896,PS,3,F,2025-08-01,2025-10-31,Agosto–Octubre 2025,https://www.ine.gob.cl/docs/default-source/ocupacion-y-desocupacion/cuadros-estadisticos/series-vigentes/indicadores_principales.xlsx
dataflow,INE.GOB.CL:DF_ENE_IND_PRINCIPALES(1.0),I,M,CL-RM,T,OLF_POT,2025-11,260.05030540040588,PS,3,F,2025-09-01,2025-11-30,Septiembre–Noviembre 2025,https://www.ine.gob.cl/docs/default-source/ocupacion-y-desocupacion/cuadros-estadisticos/series-vigentes/indicadores_principales.xlsx
dataflow,INE.GOB.CL:DF_ENE_IND_PRINCIPALES(1.0),I,M,CL-RM,T,OLF_POT,2025-12,293.3235830533024,PS,3,F,2025-10-01,2025-12-31,Octubre–Diciembre 2025,https://www.ine.gob.cl/docs/default-source/ocupacion-y-desocupacion/cuadros-estadisticos/series-vigentes/indicadores_principales.xlsx
dataflow,INE.GOB.CL:DF_ENE_IND_PRINCIPALES(1.0),I,M,CL-RM,T,OLF_POT,2026-01,296.95887122850331,PS,3,F,2025-11-01,2026-01-31,Noviembre–Enero 2026,https://www.ine.gob.cl/docs/default-source/ocupacion-y-desocupacion/cuadros-estadisticos/series-vigentes/indicadores_principales.xlsx
dataflow,INE.GOB.CL:DF_ENE_IND_PRINCIPALES(1.0),I,M,CL-RM,T,OLF_POT,2026-02,314.26729592043512,PS,3,F,2025-12-01,2026-02-28,Diciembre–Febrero 2026,https://www.ine.gob.cl/docs/default-source/ocupacion-y-desocupacion/cuadros-estadisticos/series-vigentes/indicadores_principales.xlsx
dataflow,INE.GOB.CL:DF_ENE_IND_PRINCIPALES(1.0),I,M,CL-RM,T,OLF_POT,2026-03,282.63491859479853,PS,3,F,2026-01-01,2026-03-31,Enero–Marzo 2026,https://www.ine.gob.cl/docs/default-source/ocupacion-y-desocupacion/cuadros-estadisticos/series-vigentes/indicadores_principales.xlsx
dataflow,INE.GOB.CL:DF_ENE_IND_PRINCIPALES(1.0),I,M,CL-RM,T,OLF_POT,2026-04,271.91834726969114,PS,3,F,2026-02-01,2026-04-30,Febrero–Abril 2026,https://www.ine.gob.cl/docs/default-source/ocupacion-y-desocupacion/cuadros-estadisticos/series-vigentes/indicadores_principales.xlsx
dataflow,INE.GOB.CL:DF_ENE_IND_PRINCIPALES(1.0),I,M,CL-RM,T,OLF_POT,2026-05,246.36905356184442,PS,3,F,2026-03-01,2026-05-31,Marzo–Mayo 2026,https://www.ine.gob.cl/docs/default-source/ocupacion-y-desocupacion/cuadros-estadisticos/series-vigentes/indicadores_principales.xlsx
dataflow,INE.GOB.CL:DF_ENE_IND_PRINCIPALES(1.0),I,M,CL-RM,T,OLF_USUAL,2025-05,2067.247308815211,PS,3,F,2025-03-01,2025-05-31,Marzo–Mayo 2025,https://www.ine.gob.cl/docs/default-source/ocupacion-y-desocupacion/cuadros-estadisticos/series-vigentes/indicadores_principales.xlsx
dataflow,INE.GOB.CL:DF_ENE_IND_PRINCIPALES(1.0),I,M,CL-RM,T,OLF_USUAL,2025-06,2070.9918900233738,PS,3,F,2025-04-01,2025-06-30,Abril–Junio 2025,https://www.ine.gob.cl/docs/default-source/ocupacion-y-desocupacion/cuadros-estadisticos/series-vigentes/indicadores_principales.xlsx
dataflow,INE.GOB.CL:DF_ENE_IND_PRINCIPALES(1.0),I,M,CL-RM,T,OLF_USUAL,2025-07,2099.3858406294648,PS,3,F,2025-05-01,2025-07-31,Mayo–Julio 2025,https://www.ine.gob.cl/docs/default-source/ocupacion-y-desocupacion/cuadros-estadisticos/series-vigentes/indicadores_principales.xlsx
dataflow,INE.GOB.CL:DF_ENE_IND_PRINCIPALES(1.0),I,M,CL-RM,T,OLF_USUAL,2025-08,2109.8954513153371,PS,3,F,2025-06-01,2025-08-31,Junio–Agosto 2025,https://www.ine.gob.cl/docs/default-source/ocupacion-y-desocupacion/cuadros-estadisticos/series-vigentes/indicadores_principales.xlsx
dataflow,INE.GOB.CL:DF_ENE_IND_PRINCIPALES(1.0),I,M,CL-RM,T,OLF_USUAL,2025-09,2110.0532170299166,PS,3,F,2025-07-01,2025-09-30,Julio–Septiembre 2025,https://www.ine.gob.cl/docs/default-source/ocupacion-y-desocupacion/cuadros-estadisticos/series-vigentes/indicadores_principales.xlsx
dataflow,INE.GOB.CL:DF_ENE_IND_PRINCIPALES(1.0),I,M,CL-RM,T,OLF_USUAL,2025-10,2106.7758885115695,PS,3,F,2025-08-01,2025-10-31,Agosto–Octubre 2025,https://www.ine.gob.cl/docs/default-source/ocupacion-y-desocupacion/cuadros-estadisticos/series-vigentes/indicadores_principales.xlsx
dataflow,INE.GOB.CL:DF_ENE_IND_PRINCIPALES(1.0),I,M,CL-RM,T,OLF_USUAL,2025-11,2119.4131695215574,PS,3,F,2025-09-01,2025-11-30,Septiembre–Noviembre 2025,https://www.ine.gob.cl/docs/default-source/ocupacion-y-desocupacion/cuadros-estadisticos/series-vigentes/indicadores_principales.xlsx
dataflow,INE.GOB.CL:DF_ENE_IND_PRINCIPALES(1.0),I,M,CL-RM,T,OLF_USUAL,2025-12,2101.3546239748553,PS,3,F,2025-10-01,2025-12-31,Octubre–Diciembre 2025,https://www.ine.gob.cl/docs/default-source/ocupacion-y-desocupacion/cuadros-estadisticos/series-vigentes/indicadores_principales.xlsx
dataflow,INE.GOB.CL:DF_ENE_IND_PRINCIPALES(1.0),I,M,CL-RM,T,OLF_USUAL,2026-01,2087.0277851521837,PS,3,F,2025-11-01,2026-01-31,Noviembre–Enero 2026,https://www.ine.gob.cl/docs/default-source/ocupacion-y-desocupacion/cuadros-estadisticos/series-vigentes/indicadores_principales.xlsx
dataflow,INE.GOB.CL:DF_ENE_IND_PRINCIPALES(1.0),I,M,CL-RM,T,OLF_USUAL,2026-02,2081.1866612856961,PS,3,F,2025-12-01,2026-02-28,Diciembre–Febrero 2026,https://www.ine.gob.cl/docs/default-source/ocupacion-y-desocupacion/cuadros-estadisticos/series-vigentes/indicadores_principales.xlsx
dataflow,INE.GOB.CL:DF_ENE_IND_PRINCIPALES(1.0),I,M,CL-RM,T,OLF_USUAL,2026-03,2095.9043917595104,PS,3,F,2026-01-01,2026-03-31,Enero–Marzo 2026,https://www.ine.gob.cl/docs/default-source/ocupacion-y-desocupacion/cuadros-estadisticos/series-vigentes/indicadores_principales.xlsx
dataflow,INE.GOB.CL:DF_ENE_IND_PRINCIPALES(1.0),I,M,CL-RM,T,OLF_USUAL,2026-04,2082.5945032267587,PS,3,F,2026-02-01,2026-04-30,Febrero–Abril 2026,https://www.ine.gob.cl/docs/default-source/ocupacion-y-desocupacion/cuadros-estadisticos/series-vigentes/indicadores_principales.xlsx
dataflow,INE.GOB.CL:DF_ENE_IND_PRINCIPALES(1.0),I,M,CL-RM,T,OLF_USUAL,2026-05,2085.5905053077217,PS,3,F,2026-03-01,2026-05-31,Marzo–Mayo 2026,https://www.ine.gob.cl/docs/default-source/ocupacion-y-desocupacion/cuadros-estadisticos/series-vigentes/indicadores_principales.xlsx
dataflow,INE.GOB.CL:DF_ENE_IND_PRINCIPALES(1.0),I,M,CL-RM,T,UNE,2025-05,435.53862278990744,PS,3,F,2025-03-01,2025-05-31,Marzo–Mayo 2025,https://www.ine.gob.cl/docs/default-source/ocupacion-y-desocupacion/cuadros-estadisticos/series-vigentes/indicadores_principales.xlsx
dataflow,INE.GOB.CL:DF_ENE_IND_PRINCIPALES(1.0),I,M,CL-RM,T,UNE,2025-06,439.24314391045698,PS,3,F,2025-04-01,2025-06-30,Abril–Junio 2025,https://www.ine.gob.cl/docs/default-source/ocupacion-y-desocupacion/cuadros-estadisticos/series-vigentes/indicadores_principales.xlsx
dataflow,INE.GOB.CL:DF_ENE_IND_PRINCIPALES(1.0),I,M,CL-RM,T,UNE,2025-07,423.22175143566409,PS,3,F,2025-05-01,2025-07-31,Mayo–Julio 2025,https://www.ine.gob.cl/docs/default-source/ocupacion-y-desocupacion/cuadros-estadisticos/series-vigentes/indicadores_principales.xlsx
dataflow,INE.GOB.CL:DF_ENE_IND_PRINCIPALES(1.0),I,M,CL-RM,T,UNE,2025-08,409.66920750042101,PS,3,F,2025-06-01,2025-08-31,Junio–Agosto 2025,https://www.ine.gob.cl/docs/default-source/ocupacion-y-desocupacion/cuadros-estadisticos/series-vigentes/indicadores_principales.xlsx
dataflow,INE.GOB.CL:DF_ENE_IND_PRINCIPALES(1.0),I,M,CL-RM,T,UNE,2025-09,401.73391450036132,PS,3,F,2025-07-01,2025-09-30,Julio–Septiembre 2025,https://www.ine.gob.cl/docs/default-source/ocupacion-y-desocupacion/cuadros-estadisticos/series-vigentes/indicadores_principales.xlsx
dataflow,INE.GOB.CL:DF_ENE_IND_PRINCIPALES(1.0),I,M,CL-RM,T,UNE,2025-10,393.97888714607734,PS,3,F,2025-08-01,2025-10-31,Agosto–Octubre 2025,https://www.ine.gob.cl/docs/default-source/ocupacion-y-desocupacion/cuadros-estadisticos/series-vigentes/indicadores_principales.xlsx
dataflow,INE.GOB.CL:DF_ENE_IND_PRINCIPALES(1.0),I,M,CL-RM,T,UNE,2025-11,406.32622511917992,PS,3,F,2025-09-01,2025-11-30,Septiembre–Noviembre 2025,https://www.ine.gob.cl/docs/default-source/ocupacion-y-desocupacion/cuadros-estadisticos/series-vigentes/indicadores_principales.xlsx
dataflow,INE.GOB.CL:DF_ENE_IND_PRINCIPALES(1.0),I,M,CL-RM,T,UNE,2025-12,390.58283008079485,PS,3,F,2025-10-01,2025-12-31,Octubre–Diciembre 2025,https://www.ine.gob.cl/docs/default-source/ocupacion-y-desocupacion/cuadros-estadisticos/series-vigentes/indicadores_principales.xlsx
dataflow,INE.GOB.CL:DF_ENE_IND_PRINCIPALES(1.0),I,M,CL-RM,T,UNE,2026-01,410.05441178143951,PS,3,F,2025-11-01,2026-01-31,Noviembre–Enero 2026,https://www.ine.gob.cl/docs/default-source/ocupacion-y-desocupacion/cuadros-estadisticos/series-vigentes/indicadores_principales.xlsx
dataflow,INE.GOB.CL:DF_ENE_IND_PRINCIPALES(1.0),I,M,CL-RM,T,UNE,2026-02,402.62844003263751,PS,3,F,2025-12-01,2026-02-28,Diciembre–Febrero 2026,https://www.ine.gob.cl/docs/default-source/ocupacion-y-desocupacion/cuadros-estadisticos/series-vigentes/indicadores_principales.xlsx
dataflow,INE.GOB.CL:DF_ENE_IND_PRINCIPALES(1.0),I,M,CL-RM,T,UNE,2026-03,437.87107570929737,PS,3,F,2026-01-01,2026-03-31,Enero–Marzo 2026,https://www.ine.gob.cl/docs/default-source/ocupacion-y-desocupacion/cuadros-estadisticos/series-vigentes/indicadores_principales.xlsx
dataflow,INE.GOB.CL:DF_ENE_IND_PRINCIPALES(1.0),I,M,CL-RM,T,UNE,2026-04,444.85570340743743,PS,3,F,2026-02-01,2026-04-30,Febrero–Abril 2026,https://www.ine.gob.cl/docs/default-source/ocupacion-y-desocupacion/cuadros-estadisticos/series-vigentes/indicadores_principales.xlsx
dataflow,INE.GOB.CL:DF_ENE_IND_PRINCIPALES(1.0),I,M,CL-RM,T,UNE,2026-05,452.972878175431,PS,3,F,2026-03-01,2026-05-31,Marzo–Mayo 2026,https://www.ine.gob.cl/docs/default-source/ocupacion-y-desocupacion/cuadros-estadisticos/series-vigentes/indicadores_principales.xlsx
dataflow,INE.GOB.CL:DF_ENE_IND_PRINCIPALES(1.0),I,M,CL-RM,T,UNE_EXP,2025-05,398.13074125925647,PS,3,F,2025-03-01,2025-05-31,Marzo–Mayo 2025,https://www.ine.gob.cl/docs/default-source/ocupacion-y-desocupacion/cuadros-estadisticos/series-vigentes/indicadores_principales.xlsx
dataflow,INE.GOB.CL:DF_ENE_IND_PRINCIPALES(1.0),I,M,CL-RM,T,UNE_EXP,2025-06,406.43774564093013,PS,3,F,2025-04-01,2025-06-30,Abril–Junio 2025,https://www.ine.gob.cl/docs/default-source/ocupacion-y-desocupacion/cuadros-estadisticos/series-vigentes/indicadores_principales.xlsx
dataflow,INE.GOB.CL:DF_ENE_IND_PRINCIPALES(1.0),I,M,CL-RM,T,UNE_EXP,2025-07,396.49934937328442,PS,3,F,2025-05-01,2025-07-31,Mayo–Julio 2025,https://www.ine.gob.cl/docs/default-source/ocupacion-y-desocupacion/cuadros-estadisticos/series-vigentes/indicadores_principales.xlsx
dataflow,INE.GOB.CL:DF_ENE_IND_PRINCIPALES(1.0),I,M,CL-RM,T,UNE_EXP,2025-08,385.51137358301315,PS,3,F,2025-06-01,2025-08-31,Junio–Agosto 2025,https://www.ine.gob.cl/docs/default-source/ocupacion-y-desocupacion/cuadros-estadisticos/series-vigentes/indicadores_principales.xlsx
dataflow,INE.GOB.CL:DF_ENE_IND_PRINCIPALES(1.0),I,M,CL-RM,T,UNE_EXP,2025-09,375.91824659519625,PS,3,F,2025-07-01,2025-09-30,Julio–Septiembre 2025,https://www.ine.gob.cl/docs/default-source/ocupacion-y-desocupacion/cuadros-estadisticos/series-vigentes/indicadores_principales.xlsx
dataflow,INE.GOB.CL:DF_ENE_IND_PRINCIPALES(1.0),I,M,CL-RM,T,UNE_EXP,2025-10,365.17093597053668,PS,3,F,2025-08-01,2025-10-31,Agosto–Octubre 2025,https://www.ine.gob.cl/docs/default-source/ocupacion-y-desocupacion/cuadros-estadisticos/series-vigentes/indicadores_principales.xlsx
dataflow,INE.GOB.CL:DF_ENE_IND_PRINCIPALES(1.0),I,M,CL-RM,T,UNE_EXP,2025-11,370.11264480228488,PS,3,F,2025-09-01,2025-11-30,Septiembre–Noviembre 2025,https://www.ine.gob.cl/docs/default-source/ocupacion-y-desocupacion/cuadros-estadisticos/series-vigentes/indicadores_principales.xlsx
dataflow,INE.GOB.CL:DF_ENE_IND_PRINCIPALES(1.0),I,M,CL-RM,T,UNE_EXP,2025-12,347.17921761346514,PS,3,F,2025-10-01,2025-12-31,Octubre–Diciembre 2025,https://www.ine.gob.cl/docs/default-source/ocupacion-y-desocupacion/cuadros-estadisticos/series-vigentes/indicadores_principales.xlsx
dataflow,INE.GOB.CL:DF_ENE_IND_PRINCIPALES(1.0),I,M,CL-RM,T,UNE_EXP,2026-01,364.77947104139059,PS,3,F,2025-11-01,2026-01-31,Noviembre–Enero 2026,https://www.ine.gob.cl/docs/default-source/ocupacion-y-desocupacion/cuadros-estadisticos/series-vigentes/indicadores_principales.xlsx
dataflow,INE.GOB.CL:DF_ENE_IND_PRINCIPALES(1.0),I,M,CL-RM,T,UNE_EXP,2026-02,360.0312949647053,PS,3,F,2025-12-01,2026-02-28,Diciembre–Febrero 2026,https://www.ine.gob.cl/docs/default-source/ocupacion-y-desocupacion/cuadros-estadisticos/series-vigentes/indicadores_principales.xlsx
dataflow,INE.GOB.CL:DF_ENE_IND_PRINCIPALES(1.0),I,M,CL-RM,T,UNE_EXP,2026-03,395.55690165355509,PS,3,F,2026-01-01,2026-03-31,Enero–Marzo 2026,https://www.ine.gob.cl/docs/default-source/ocupacion-y-desocupacion/cuadros-estadisticos/series-vigentes/indicadores_principales.xlsx
dataflow,INE.GOB.CL:DF_ENE_IND_PRINCIPALES(1.0),I,M,CL-RM,T,UNE_EXP,2026-04,402.91760973349312,PS,3,F,2026-02-01,2026-04-30,Febrero–Abril 2026,https://www.ine.gob.cl/docs/default-source/ocupacion-y-desocupacion/cuadros-estadisticos/series-vigentes/indicadores_principales.xlsx
dataflow,INE.GOB.CL:DF_ENE_IND_PRINCIPALES(1.0),I,M,CL-RM,T,UNE_EXP,2026-05,410.2405058747411,PS,3,F,2026-03-01,2026-05-31,Marzo–Mayo 2026,https://www.ine.gob.cl/docs/default-source/ocupacion-y-desocupacion/cuadros-estadisticos/series-vigentes/indicadores_principales.xlsx
dataflow,INE.GOB.CL:DF_ENE_IND_PRINCIPALES(1.0),I,M,CL-RM,T,UNE_FIRST,2025-05,37.407881530650961,PS,3,F,2025-03-01,2025-05-31,Marzo–Mayo 2025,https://www.ine.gob.cl/docs/default-source/ocupacion-y-desocupacion/cuadros-estadisticos/series-vigentes/indicadores_principales.xlsx
dataflow,INE.GOB.CL:DF_ENE_IND_PRINCIPALES(1.0),I,M,CL-RM,T,UNE_FIRST,2025-06,32.805398269526826,PS,3,F,2025-04-01,2025-06-30,Abril–Junio 2025,https://www.ine.gob.cl/docs/default-source/ocupacion-y-desocupacion/cuadros-estadisticos/series-vigentes/indicadores_principales.xlsx
dataflow,INE.GOB.CL:DF_ENE_IND_PRINCIPALES(1.0),I,M,CL-RM,T,UNE_FIRST,2025-07,26.722402062379658,PS,3,F,2025-05-01,2025-07-31,Mayo–Julio 2025,https://www.ine.gob.cl/docs/default-source/ocupacion-y-desocupacion/cuadros-estadisticos/series-vigentes/indicadores_principales.xlsx
dataflow,INE.GOB.CL:DF_ENE_IND_PRINCIPALES(1.0),I,M,CL-RM,T,UNE_FIRST,2025-08,24.157833917407906,PS,3,A,2025-06-01,2025-08-31,Junio–Agosto 2025,https://www.ine.gob.cl/docs/default-source/ocupacion-y-desocupacion/cuadros-estadisticos/series-vigentes/indicadores_principales.xlsx
dataflow,INE.GOB.CL:DF_ENE_IND_PRINCIPALES(1.0),I,M,CL-RM,T,UNE_FIRST,2025-09,25.815667905165043,PS,3,F,2025-07-01,2025-09-30,Julio–Septiembre 2025,https://www.ine.gob.cl/docs/default-source/ocupacion-y-desocupacion/cuadros-estadisticos/series-vigentes/indicadores_principales.xlsx
dataflow,INE.GOB.CL:DF_ENE_IND_PRINCIPALES(1.0),I,M,CL-RM,T,UNE_FIRST,2025-10,28.807951175540722,PS,3,F,2025-08-01,2025-10-31,Agosto–Octubre 2025,https://www.ine.gob.cl/docs/default-source/ocupacion-y-desocupacion/cuadros-estadisticos/series-vigentes/indicadores_principales.xlsx
dataflow,INE.GOB.CL:DF_ENE_IND_PRINCIPALES(1.0),I,M,CL-RM,T,UNE_FIRST,2025-11,36.21358031689504,PS,3,F,2025-09-01,2025-11-30,Septiembre–Noviembre 2025,https://www.ine.gob.cl/docs/default-source/ocupacion-y-desocupacion/cuadros-estadisticos/series-vigentes/indicadores_principales.xlsx
dataflow,INE.GOB.CL:DF_ENE_IND_PRINCIPALES(1.0),I,M,CL-RM,T,UNE_FIRST,2025-12,43.403612467329694,PS,3,F,2025-10-01,2025-12-31,Octubre–Diciembre 2025,https://www.ine.gob.cl/docs/default-source/ocupacion-y-desocupacion/cuadros-estadisticos/series-vigentes/indicadores_principales.xlsx
dataflow,INE.GOB.CL:DF_ENE_IND_PRINCIPALES(1.0),I,M,CL-RM,T,UNE_FIRST,2026-01,45.274940740048891,PS,3,F,2025-11-01,2026-01-31,Noviembre–Enero 2026,https://www.ine.gob.cl/docs/default-source/ocupacion-y-desocupacion/cuadros-estadisticos/series-vigentes/indicadores_principales.xlsx
dataflow,INE.GOB.CL:DF_ENE_IND_PRINCIPALES(1.0),I,M,CL-RM,T,UNE_FIRST,2026-02,42.597145067932217,PS,3,F,2025-12-01,2026-02-28,Diciembre–Febrero 2026,https://www.ine.gob.cl/docs/default-source/ocupacion-y-desocupacion/cuadros-estadisticos/series-vigentes/indicadores_principales.xlsx
dataflow,INE.GOB.CL:DF_ENE_IND_PRINCIPALES(1.0),I,M,CL-RM,T,UNE_FIRST,2026-03,42.314174055742249,PS,3,F,2026-01-01,2026-03-31,Enero–Marzo 2026,https://www.ine.gob.cl/docs/default-source/ocupacion-y-desocupacion/cuadros-estadisticos/series-vigentes/indicadores_principales.xlsx
dataflow,INE.GOB.CL:DF_ENE_IND_PRINCIPALES(1.0),I,M,CL-RM,T,UNE_FIRST,2026-04,41.938093673944337,PS,3,A,2026-02-01,2026-04-30,Febrero–Abril 2026,https://www.ine.gob.cl/docs/default-source/ocupacion-y-desocupacion/cuadros-estadisticos/series-vigentes/indicadores_principales.xlsx
dataflow,INE.GOB.CL:DF_ENE_IND_PRINCIPALES(1.0),I,M,CL-RM,T,UNE_FIRST,2026-05,42.73237230068991,PS,3,A,2026-03-01,2026-05-31,Marzo–Mayo 2026,https://www.ine.gob.cl/docs/default-source/ocupacion-y-desocupacion/cuadros-estadisticos/series-vigentes/indicadores_principales.xlsx
dataflow,INE.GOB.CL:DF_ENE_IND_PRINCIPALES(1.0),I,M,CL-RM,T,UNE_RT,2025-05,9.4808688268783268,PT,0,F,2025-03-01,2025-05-31,Marzo–Mayo 2025,https://www.ine.gob.cl/docs/default-source/ocupacion-y-desocupacion/cuadros-estadisticos/series-vigentes/indicadores_principales.xlsx
dataflow,INE.GOB.CL:DF_ENE_IND_PRINCIPALES(1.0),I,M,CL-RM,T,UNE_RT,2025-06,9.5352035197489311,PT,0,F,2025-04-01,2025-06-30,Abril–Junio 2025,https://www.ine.gob.cl/docs/default-source/ocupacion-y-desocupacion/cuadros-estadisticos/series-vigentes/indicadores_principales.xlsx
dataflow,INE.GOB.CL:DF_ENE_IND_PRINCIPALES(1.0),I,M,CL-RM,T,UNE_RT,2025-07,9.240587300101593,PT,0,F,2025-05-01,2025-07-31,Mayo–Julio 2025,https://www.ine.gob.cl/docs/default-source/ocupacion-y-desocupacion/cuadros-estadisticos/series-vigentes/indicadores_principales.xlsx
dataflow,INE.GOB.CL:DF_ENE_IND_PRINCIPALES(1.0),I,M,CL-RM,T,UNE_RT,2025-08,8.9456662285730424,PT,0,F,2025-06-01,2025-08-31,Junio–Agosto 2025,https://www.ine.gob.cl/docs/default-source/ocupacion-y-desocupacion/cuadros-estadisticos/series-vigentes/indicadores_principales.xlsx
dataflow,INE.GOB.CL:DF_ENE_IND_PRINCIPALES(1.0),I,M,CL-RM,T,UNE_RT,2025-09,8.7900482295349409,PT,0,F,2025-07-01,2025-09-30,Julio–Septiembre 2025,https://www.ine.gob.cl/docs/default-source/ocupacion-y-desocupacion/cuadros-estadisticos/series-vigentes/indicadores_principales.xlsx
dataflow,INE.GOB.CL:DF_ENE_IND_PRINCIPALES(1.0),I,M,CL-RM,T,UNE_RT,2025-10,8.5998408974316636,PT,0,F,2025-08-01,2025-10-31,Agosto–Octubre 2025,https://www.ine.gob.cl/docs/default-source/ocupacion-y-desocupacion/cuadros-estadisticos/series-vigentes/indicadores_principales.xlsx
dataflow,INE.GOB.CL:DF_ENE_IND_PRINCIPALES(1.0),I,M,CL-RM,T,UNE_RT,2025-11,8.8957903117356114,PT,0,F,2025-09-01,2025-11-30,Septiembre–Noviembre 2025,https://www.ine.gob.cl/docs/default-source/ocupacion-y-desocupacion/cuadros-estadisticos/series-vigentes/indicadores_principales.xlsx
dataflow,INE.GOB.CL:DF_ENE_IND_PRINCIPALES(1.0),I,M,CL-RM,T,UNE_RT,2025-12,8.5704083492479359,PT,0,F,2025-10-01,2025-12-31,Octubre–Diciembre 2025,https://www.ine.gob.cl/docs/default-source/ocupacion-y-desocupacion/cuadros-estadisticos/series-vigentes/indicadores_principales.xlsx
dataflow,INE.GOB.CL:DF_ENE_IND_PRINCIPALES(1.0),I,M,CL-RM,T,UNE_RT,2026-01,8.9663171298402524,PT,0,F,2025-11-01,2026-01-31,Noviembre–Enero 2026,https://www.ine.gob.cl/docs/default-source/ocupacion-y-desocupacion/cuadros-estadisticos/series-vigentes/indicadores_principales.xlsx
dataflow,INE.GOB.CL:DF_ENE_IND_PRINCIPALES(1.0),I,M,CL-RM,T,UNE_RT,2026-02,8.8371552446444834,PT,0,F,2025-12-01,2026-02-28,Diciembre–Febrero 2026,https://www.ine.gob.cl/docs/default-source/ocupacion-y-desocupacion/cuadros-estadisticos/series-vigentes/indicadores_principales.xlsx
dataflow,INE.GOB.CL:DF_ENE_IND_PRINCIPALES(1.0),I,M,CL-RM,T,UNE_RT,2026-03,9.56808764837435,PT,0,F,2026-01-01,2026-03-31,Enero–Marzo 2026,https://www.ine.gob.cl/docs/default-source/ocupacion-y-desocupacion/cuadros-estadisticos/series-vigentes/indicadores_principales.xlsx
dataflow,INE.GOB.CL:DF_ENE_IND_PRINCIPALES(1.0),I,M,CL-RM,T,UNE_RT,2026-04,9.6540977988099677,PT,0,F,2026-02-01,2026-04-30,Febrero–Abril 2026,https://www.ine.gob.cl/docs/default-source/ocupacion-y-desocupacion/cuadros-estadisticos/series-vigentes/indicadores_principales.xlsx
dataflow,INE.GOB.CL:DF_ENE_IND_PRINCIPALES(1.0),I,M,CL-RM,T,UNE_RT,2026-05,9.750291542401326,PT,0,F,2026-03-01,2026-05-31,Marzo–Mayo 2026,https://www.ine.gob.cl/docs/default-source/ocupacion-y-desocupacion/cuadros-estadisticos/series-vigentes/indicadores_principales.xlsx
dataflow,INE.GOB.CL:DF_ENE_IND_PRINCIPALES(1.0),I,M,CL-RM,T,WAP,2025-05,6937.130000000001,PS,3,F,2025-03-01,2025-05-31,Marzo–Mayo 2025,https://www.ine.gob.cl/docs/default-source/ocupacion-y-desocupacion/cuadros-estadisticos/series-vigentes/indicadores_principales.xlsx
dataflow,INE.GOB.CL:DF_ENE_IND_PRINCIPALES(1.0),I,M,CL-RM,T,WAP,2025-06,6941.6480000000001,PS,3,F,2025-04-01,2025-06-30,Abril–Junio 2025,https://www.ine.gob.cl/docs/default-source/ocupacion-y-desocupacion/cuadros-estadisticos/series-vigentes/indicadores_principales.xlsx
dataflow,INE.GOB.CL:DF_ENE_IND_PRINCIPALES(1.0),I,M,CL-RM,T,WAP,2025-07,6946.3280000000013,PS,3,F,2025-05-01,2025-07-31,Mayo–Julio 2025,https://www.ine.gob.cl/docs/default-source/ocupacion-y-desocupacion/cuadros-estadisticos/series-vigentes/indicadores_principales.xlsx
dataflow,INE.GOB.CL:DF_ENE_IND_PRINCIPALES(1.0),I,M,CL-RM,T,WAP,2025-08,6950.8,PS,3,F,2025-06-01,2025-08-31,Junio–Agosto 2025,https://www.ine.gob.cl/docs/default-source/ocupacion-y-desocupacion/cuadros-estadisticos/series-vigentes/indicadores_principales.xlsx
dataflow,INE.GOB.CL:DF_ENE_IND_PRINCIPALES(1.0),I,M,CL-RM,T,WAP,2025-09,6955.2039999999997,PS,3,F,2025-07-01,2025-09-30,Julio–Septiembre 2025,https://www.ine.gob.cl/docs/default-source/ocupacion-y-desocupacion/cuadros-estadisticos/series-vigentes/indicadores_principales.xlsx
dataflow,INE.GOB.CL:DF_ENE_IND_PRINCIPALES(1.0),I,M,CL-RM,T,WAP,2025-10,6959.6279999999997,PS,3,F,2025-08-01,2025-10-31,Agosto–Octubre 2025,https://www.ine.gob.cl/docs/default-source/ocupacion-y-desocupacion/cuadros-estadisticos/series-vigentes/indicadores_principales.xlsx
dataflow,INE.GOB.CL:DF_ENE_IND_PRINCIPALES(1.0),I,M,CL-RM,T,WAP,2025-11,6964.0040000000008,PS,3,F,2025-09-01,2025-11-30,Septiembre–Noviembre 2025,https://www.ine.gob.cl/docs/default-source/ocupacion-y-desocupacion/cuadros-estadisticos/series-vigentes/indicadores_principales.xlsx
dataflow,INE.GOB.CL:DF_ENE_IND_PRINCIPALES(1.0),I,M,CL-RM,T,WAP,2025-12,6968.3860000000004,PS,3,F,2025-10-01,2025-12-31,Octubre–Diciembre 2025,https://www.ine.gob.cl/docs/default-source/ocupacion-y-desocupacion/cuadros-estadisticos/series-vigentes/indicadores_principales.xlsx
dataflow,INE.GOB.CL:DF_ENE_IND_PRINCIPALES(1.0),I,M,CL-RM,T,WAP,2026-01,6972.8010000000013,PS,3,F,2025-11-01,2026-01-31,Noviembre–Enero 2026,https://www.ine.gob.cl/docs/default-source/ocupacion-y-desocupacion/cuadros-estadisticos/series-vigentes/indicadores_principales.xlsx
dataflow,INE.GOB.CL:DF_ENE_IND_PRINCIPALES(1.0),I,M,CL-RM,T,WAP,2026-02,6977.1859999999997,PS,3,F,2025-12-01,2026-02-28,Diciembre–Febrero 2026,https://www.ine.gob.cl/docs/default-source/ocupacion-y-desocupacion/cuadros-estadisticos/series-vigentes/indicadores_principales.xlsx
dataflow,INE.GOB.CL:DF_ENE_IND_PRINCIPALES(1.0),I,M,CL-RM,T,WAP,2026-03,6981.64,PS,3,F,2026-01-01,2026-03-31,Enero–Marzo 2026,https://www.ine.gob.cl/docs/default-source/ocupacion-y-desocupacion/cuadros-estadisticos/series-vigentes/indicadores_principales.xlsx
dataflow,INE.GOB.CL:DF_ENE_IND_PRINCIPALES(1.0),I,M,CL-RM,T,WAP,2026-04,6986.0129999999999,PS,3,F,2026-02-01,2026-04-30,Febrero–Abril 2026,https://www.ine.gob.cl/docs/default-source/ocupacion-y-desocupacion/cuadros-estadisticos/series-vigentes/indicadores_principales.xlsx
dataflow,INE.GOB.CL:DF_ENE_IND_PRINCIPALES(1.0),I,M,CL-RM,T,WAP,2026-05,6990.401,PS,3,F,2026-03-01,2026-05-31,Marzo–Mayo 2026,https://www.ine.gob.cl/docs/default-source/ocupacion-y-desocupacion/cuadros-estadisticos/series-vigentes/indicadores_principales.xlsx
